Property Type,District,Mukim,Scheme Name/Area,"Month, Year of Transaction Date",Tenure,Land/Parcel Area,Unit Metrics,Main Floor Area,Unit        ,Unit Level,Transaction Price  ,Year,Square Feet,Total Floors,Floor Percentile
Service Apartment,Petaling,Bandar Subang Jaya,"SAUJANA RESIDENCY - SS 16, SUBANG JAYA",Feb-22,Freehold,69.95,sq.m,-,-,16,"RM595,000.00",2022,753,19,0.84
Condominium/Apartment,Petaling,Pekan Subang Jaya,INDERA SUBANG KONDOMINIUM - USJ 6,Sep-23,Freehold,138,sq.m,-,-,1,"RM608,000.00",2023,1485,17,0.06
Service Apartment,Petaling,Bandar Subang Jaya,"SAUJANA RESIDENCY - SS 16, SUBANG JAYA",Apr-21,Freehold,140.92,sq.m,-,-,11,"RM970,000.00",2021,1517,19,0.58
Service Apartment,Petaling,Bandar Subang Jaya,DAMEN USJ SERVICE APARTMENT,Apr-21,Freehold,65,sq.m,-,-,12,"RM631,000.00",2021,700,23,0.52
Condominium/Apartment,Petaling,Pekan Penaga,USJ ONE AVENUE-USJ 1,Apr-22,Leasehold,126,sq.m,-,-,17,"RM470,000.00",2022,1356,19,0.89
Condominium/Apartment,Petaling,Pekan Penaga,USJ ONE PARK KONDO,Apr-22,Leasehold,115,sq.m,-,-,16,"RM470,000.00",2022,1238,21,0.76
Condominium/Apartment,Petaling,Pekan Subang Jaya,REGINA USJ 1,Apr-22,Leasehold,96.98,sq.m,-,-,5,"RM500,000.00",2022,1044,30,0.17
Condominium/Apartment,Petaling,Pekan Subang Jaya,REGINA USJ 1,Apr-22,Leasehold,116,sq.m,-,-,9,"RM470,000.00",2022,1249,30,0.3
Condominium/Apartment,Petaling,Pekan Subang Jaya,REGINA USJ 1,Apr-22,Leasehold,121.97,sq.m,-,-,17,"RM530,000.00",2022,1313,30,0.57
Condominium/Apartment,Petaling,Pekan Subang Jaya,REGINA USJ 1,Apr-22,Leasehold,122,sq.m,-,-,17,"RM520,000.00",2022,1313,30,0.57
Service Apartment,Petaling,Bandar Subang Jaya,"SAUJANA RESIDENCY - SS 16, SUBANG JAYA",Apr-22,Freehold,126.34,sq.m,-,-,12,"RM750,000.00",2022,1360,19,0.63
Service Apartment,Petaling,Bandar Subang Jaya,DAMEN USJ SERVICE APARTMENT,Apr-22,Freehold,65,sq.m,-,-,17,"RM462,000.00",2022,700,23,0.74
Service Apartment,Petaling,Bandar Subang Jaya,DAMEN USJ SERVICE APARTMENT,Apr-22,Freehold,65,sq.m,,,18,"RM430,000.00",2022,700,23,0.78
Service Apartment,Petaling,Bandar Subang Jaya,DAMEN USJ SERVICE APARTMENT,Apr-22,Freehold,65,sq.m,,,18,"RM440,000.00",2022,700,23,0.78
Service Apartment,Petaling,Bandar Subang Jaya,DAMEN USJ SERVICE APARTMENT,Apr-22,Freehold,65,sq.m,,,18,"RM450,000.00",2022,700,23,0.78
Service Apartment,Petaling,Bandar Subang Jaya,DAMEN USJ SERVICE APARTMENT,Apr-22,Freehold,105,sq.m,-,-,18,"RM610,000.00",2022,1130,23,0.78
Service Apartment,Petaling,Bandar Subang Jaya,DAMEN USJ SERVICE APARTMENT,Apr-22,Freehold,113,sq.m,-,-,15,"RM670,000.00",2022,1216,23,0.65
Service Apartment,Petaling,Bandar Subang Jaya,DAMEN USJ SERVICE APARTMENT,Apr-22,Freehold,113,sq.m,,,16,"RM670,000.00",2022,1216,23,0.7
Service Apartment,Petaling,Bandar Subang Jaya,IMPIAN MERIDIAN SERVICE APT-USJ 1,Apr-22,Freehold,90,sq.m,-,-,13,"RM560,000.00",2022,969,25,0.52
Service Apartment,Petaling,Bandar Subang Jaya,IMPIAN MERIDIAN SERVICE APT-USJ 1,Apr-22,Freehold,92.44,sq.m,-,-,18,"RM390,000.00",2022,995,25,0.72
Service Apartment,Petaling,Bandar Subang Jaya,GRAND SUBANG JAYA @ SS15,Apr-22,Freehold,52,sq.m,-,-,3,"RM526,000.00",2022,560,24,0.13
Service Apartment,Petaling,Bandar Subang Jaya,GRAND SUBANG JAYA @ SS15,Apr-22,Freehold,52,sq.m,,,23,"RM532,000.00",2022,560,24,0.96
Service Apartment,Petaling,Bandar Subang Jaya,GRAND SUBANG JAYA @ SS15,Apr-22,Freehold,52,sq.m,,,24,"RM533,000.00",2022,560,24,1
Condominium/Apartment,Petaling,Pekan Penaga,USJ ONE AVENUE-USJ 1,Apr-23,Leasehold,126,sq.m,-,-,3,"RM480,000.00",2023,1356,19,0.16
Condominium/Apartment,Petaling,Pekan Penaga,USJ ONE AVENUE-USJ 1,Apr-23,Leasehold,0,,,,12,"RM530,000.00",2023,1356,19,0.63
Condominium/Apartment,Petaling,Pekan Penaga,USJ ONE AVENUE-USJ 1,Apr-23,Leasehold,168,sq.m,-,-,12,"RM650,000.00",2023,1808,19,0.63
Condominium/Apartment,Petaling,Pekan Subang Jaya,REGINA USJ 1,Apr-23,Leasehold,96.98,sq.m,-,-,9,"RM550,000.00",2023,1044,30,0.3
Service Apartment,Petaling,Bandar Subang Jaya,MENARA RAJAWALI - SS15 SUBANG JAYA,Apr-23,Leasehold,41.05,sq.m,-,-,15,"RM219,000.00",2023,442,16,0.94
Service Apartment,Petaling,Bandar Subang Jaya,SUBANG OLIVES RESIDENCE-SS16 S.JAYA,Apr-23,Freehold,136.47,sq.m,-,-,14,"RM598,000.00",2023,1469,17,0.82
Service Apartment,Petaling,Bandar Subang Jaya,CASA SUBANG-USJ 1,Dec-21,Freehold,63,sq.m,-,-,5,"RM300,000.00",2021,678,25,0.2
Service Apartment,Petaling,Bandar Subang Jaya,CASA SUBANG-USJ 1,Dec-21,Freehold,93,sq.m,-,-,19,"RM490,000.00",2021,1001,25,0.76
Service Apartment,Petaling,Bandar Subang Jaya,CASA SUBANG-USJ 1,Dec-21,Freehold,99,sq.m,-,-,6,"RM490,000.00",2021,1066,25,0.24
Service Apartment,Petaling,Bandar Subang Jaya,CASA SUBANG-USJ 1,Dec-21,Freehold,99,sq.m,,,13A,"RM490,000.00",2021,1066,25,#VALUE!
Service Apartment,Petaling,Bandar Subang Jaya,CASA SUBANG-USJ 1,Dec-21,Freehold,99,sq.m,,,17,"RM490,000.00",2021,1066,25,0.68
Service Apartment,Petaling,Bandar Subang Jaya,CASA SUBANG-USJ 1,Nov-21,Freehold,99,sq.m,-,-,12,"RM460,000.00",2021,1066,25,0.48
Service Apartment,Petaling,Bandar Subang Jaya,CASA SUBANG-USJ 1,Nov-21,Freehold,99,sq.m,,,20,"RM490,000.00",2021,1066,25,0.8
Service Apartment,Petaling,Bandar Subang Jaya,KENWINGSTON - USJ 1,Apr-23,Freehold,61,sq.m,-,-,25,"RM502,000.00",2023,657,21,1.19
Service Apartment,Petaling,Bandar Subang Jaya,THE MAIN PLACE RESIDENCE (NEW GATE),Apr-23,Freehold,57,sq.m,-,-,19,"RM400,000.00",2023,614,25,0.76
Service Apartment,Petaling,Bandar Subang Jaya,THE MAIN PLACE RESIDENCE (NEW GATE),Apr-23,Freehold,114,sq.m,-,-,33,"RM663,000.00",2023,1227,25,1.32
Condominium/Apartment,Petaling,Pekan Penaga,USJ ONE AVENUE-USJ 1,Apr-24,Leasehold,126,sq.m,-,-,7,"RM530,000.00",2024,1356,19,0.37
Condominium/Apartment,Petaling,Pekan Subang Jaya,REGINA USJ 1,Apr-24,Leasehold,115.93,sq.m,-,-,10,"RM600,000.00",2024,1248,30,0.33
Service Apartment,Petaling,Bandar Subang Jaya,THE GRAND SUBANG-SS 13 SUBANG JAYA,Apr-24,Freehold,48,sq.m,-,-,19,"RM465,000.00",2024,517,22,0.86
Service Apartment,Petaling,Bandar Subang Jaya,CASA SUBANG-USJ 1,Oct-21,Freehold,99,sq.m,-,-,17,"RM480,000.00",2021,1066,25,0.68
Service Apartment,Petaling,Bandar Subang Jaya,GRAND SUBANG JAYA @ SS15,Apr-24,Freehold,52,sq.m,-,-,13,"RM535,000.00",2024,560,24,0.54
Condominium/Apartment,Petaling,Pekan Subang Jaya,REGINA USJ 1,Aug-21,Leasehold,116,sq.m,-,-,12,"RM600,000.00",2021,1249,30,0.4
Service Apartment,Petaling,Bandar Subang Jaya,IMPIAN MERIDIAN SERVICE APT-USJ 1,Aug-21,Freehold,118,sq.m,-,-,14,"RM505,000.00",2021,1270,25,0.56
Service Apartment,Petaling,Bandar Subang Jaya,THE MAIN PLACE RESIDENCE (NEW GATE),Aug-21,Freehold,85,sq.m,-,-,12,"RM430,000.00",2021,915,25,0.48
Service Apartment,Petaling,Bandar Subang Jaya,YOU ONE USJ 1,Aug-21,Freehold,63,sq.m,-,-,22,"RM430,000.00",2021,678,19,1.16
Condominium/Apartment,Petaling,Bandar Subang Jaya,P/PURI MY PLACE - SS15 SUBANG JAYA,Aug-22,Freehold,91,sq.m,-,-,3,"RM510,000.00",2022,980,5,0.6
Condominium/Apartment,Petaling,Pekan Subang Jaya,INDERA SUBANG KONDOMINIUM - USJ 6,Jul-23,Freehold,138,sq.m,-,-,3,"RM633,000.00",2023,1485,17,0.18
Condominium/Apartment,Petaling,Pekan Subang Jaya,REGINA USJ 1,Aug-22,Leasehold,115.93,sq.m,-,-,14,"RM500,000.00",2022,1248,30,0.47
Condominium/Apartment,Petaling,Pekan Subang Jaya,REGINA USJ 1,Aug-22,Leasehold,116,sq.m,-,-,11,"RM490,000.00",2022,1249,30,0.37
Service Apartment,Petaling,Bandar Subang Jaya,THE GRAND SUBANG-SS 13 SUBANG JAYA,Aug-22,Freehold,48,sq.m,-,-,6,"RM420,000.00",2022,517,22,0.27
Service Apartment,Petaling,Bandar Subang Jaya,THE GRAND SUBANG-SS 13 SUBANG JAYA,Aug-22,Freehold,48,sq.m,,,8,"RM410,000.00",2022,517,22,0.36
Service Apartment,Petaling,Bandar Subang Jaya,THE GRAND SUBANG-SS 13 SUBANG JAYA,Aug-22,Freehold,48,sq.m,,,13A,"RM420,000.00",2022,517,22,#VALUE!
Service Apartment,Petaling,Bandar Subang Jaya,THE GRAND SUBANG-SS 13 SUBANG JAYA,Aug-22,Freehold,48,sq.m,,,17,"RM470,000.00",2022,517,22,0.77
Service Apartment,Petaling,Bandar Subang Jaya,CASA SUBANG-USJ 1,Oct-21,Freehold,111,sq.m,-,-,19,"RM490,000.00",2021,1195,25,0.76
Service Apartment,Petaling,Bandar Subang Jaya,CASA SUBANG-USJ 1,Aug-22,Freehold,63,sq.m,-,-,9,"RM270,000.00",2022,678,25,0.36
Service Apartment,Petaling,Bandar Subang Jaya,CASA SUBANG-USJ 1,Aug-22,Freehold,63,sq.m,,,,"RM390,000.00",2022,678,25,0
Service Apartment,Petaling,Bandar Subang Jaya,CASA SUBANG-USJ 1,Aug-22,Freehold,99,sq.m,-,-,7,"RM500,000.00",2022,1066,25,0.28
Service Apartment,Petaling,Bandar Subang Jaya,CASA SUBANG-USJ 1,Aug-22,Freehold,99,sq.m,,,11,"RM499,000.00",2022,1066,25,0.44
Service Apartment,Petaling,Bandar Subang Jaya,IMPIAN MERIDIAN SERVICE APT-USJ 1,Aug-22,Freehold,90,sq.m,-,-,21,"RM400,000.00",2022,969,25,0.84
Service Apartment,Petaling,Bandar Subang Jaya,KENWINGSTON - USJ 1,Aug-22,Freehold,61,sq.m,-,-,13,"RM485,000.00",2022,657,21,0.62
Service Apartment,Petaling,Bandar Subang Jaya,KENWINGSTON - USJ 1,Aug-22,Freehold,61,sq.m,,,22,"RM510,000.00",2022,657,21,1.05
Service Apartment,Petaling,Bandar Subang Jaya,KENWINGSTON - USJ 1,Aug-22,Freehold,61,sq.m,,,34,"RM460,000.00",2022,657,21,1.62
Service Apartment,Petaling,Bandar Subang Jaya,THE MAIN PLACE RESIDENCE (NEW GATE),Aug-22,Freehold,56,sq.m,-,-,30,"RM315,000.00",2022,603,25,1.2
Service Apartment,Petaling,Bandar Subang Jaya,THE MAIN PLACE RESIDENCE (NEW GATE),Aug-22,Freehold,57,sq.m,-,-,17,"RM350,000.00",2022,614,25,0.68
Service Apartment,Petaling,Bandar Subang Jaya,THE MAIN PLACE RESIDENCE (NEW GATE),Aug-22,Freehold,60,sq.m,-,-,23,"RM480,000.00",2022,646,25,0.92
Service Apartment,Petaling,Bandar Subang Jaya,GRAND SUBANG JAYA @ SS15,Aug-22,Freehold,52,sq.m,-,-,18,"RM515,000.00",2022,560,24,0.75
Service Apartment,Petaling,Bandar Subang Jaya,GRAND SUBANG JAYA @ SS15,Aug-22,Freehold,52,sq.m,,,24,"RM533,000.00",2022,560,24,1
SOHO/SOFO/SOVO,Petaling,Damansara,MENARA GENO,Aug-22,Leasehold,49,sq.m,-,-,28,"RM208,000.00",2022,527,45,0.62
Service Apartment,Petaling,Bandar Subang Jaya,THE GRAND SUBANG-SS 13 SUBANG JAYA,Aug-23,Freehold,48,sq.m,-,-,12,"RM455,000.00",2023,517,22,0.55
Service Apartment,Petaling,Bandar Subang Jaya,EDGE RESIDENC - USJ 1,Aug-23,Leasehold,86,sq.m,-,-,23,"RM500,000.00",2023,926,29,0.79
Service Apartment,Petaling,Bandar Subang Jaya,CASA SUBANG-USJ 1,Aug-22,Freehold,99,sq.m,,,18,"RM499,000.00",2022,1066,25,0.72
Service Apartment,Petaling,Bandar Subang Jaya,CASA SUBANG-USJ 1,Dec-22,Freehold,99,sq.m,-,-,8,"RM490,000.00",2022,1066,25,0.32
Service Apartment,Petaling,Bandar Subang Jaya,IMPIAN MERIDIAN SERVICE APT-USJ 1,Aug-23,Freehold,91,sq.m,-,-,26,"RM600,000.00",2023,980,25,1.04
Service Apartment,Petaling,Bandar Subang Jaya,THE MAIN PLACE RESIDENCE (NEW GATE),Aug-23,Freehold,57,sq.m,-,-,21,"RM350,000.00",2023,614,25,0.84
Service Apartment,Petaling,Bandar Subang Jaya,YOU ONE USJ 1,Aug-23,Freehold,63,sq.m,-,-,16,"RM500,000.00",2023,678,19,0.84
Condominium/Apartment,Petaling,Pekan Penaga,USJ ONE AVENUE-USJ 1,Dec-21,Leasehold,126,sq.m,-,-,8,"RM550,000.00",2021,1356,19,0.42
Condominium/Apartment,Petaling,Pekan Penaga,USJ ONE AVENUE-USJ 1,Dec-21,Leasehold,168,sq.m,-,-,4,"RM620,000.00",2021,1808,19,0.21
Condominium/Apartment,Petaling,Pekan Subang Jaya,INDERA SUBANG KONDOMINIUM - USJ 6,Jun-23,Freehold,150,sq.m,-,-,3,"RM595,000.00",2023,1615,17,0.18
Condominium/Apartment,Petaling,Pekan Subang Jaya,REGINA USJ 1,Dec-21,Leasehold,121.97,sq.m,-,-,14,"RM595,000.00",2021,1313,30,0.47
Service Apartment,Petaling,Bandar Subang Jaya,MENARA RAJAWALI - SS15 SUBANG JAYA,Dec-21,Leasehold,38.7,sq.m,-,-,15,"RM215,000.00",2021,417,16,0.94
Service Apartment,Petaling,Bandar Subang Jaya,"SAUJANA RESIDENCY - SS 16, SUBANG JAYA",Dec-21,Freehold,140.92,sq.m,-,-,10,"RM950,000.00",2021,1517,19,0.53
Service Apartment,Petaling,Bandar Subang Jaya,THE GRAND SUBANG-SS 13 SUBANG JAYA,Dec-21,Freehold,81,sq.m,-,-,15,"RM625,000.00",2021,872,22,0.68
Service Apartment,Petaling,Bandar Subang Jaya,CASA SUBANG-USJ 1,Jul-22,Freehold,99,sq.m,-,-,11,"RM480,000.00",2022,1066,25,0.44
Service Apartment,Petaling,Bandar Subang Jaya,CASA SUBANG-USJ 1,Jul-22,Freehold,99,sq.m,,,13,"RM480,000.00",2022,1066,25,0.52
Service Apartment,Petaling,Bandar Subang Jaya,CASA SUBANG-USJ 1,Jun-22,Freehold,99,sq.m,-,-,6,"RM480,000.00",2022,1066,25,0.24
Service Apartment,Petaling,Bandar Subang Jaya,CASA SUBANG-USJ 1,May-22,Freehold,99,sq.m,-,-,23,"RM499,000.00",2022,1066,25,0.92
Service Apartment,Petaling,Bandar Subang Jaya,CASA SUBANG-USJ 1,Nov-22,Freehold,63,sq.m,-,-,22,"RM390,000.00",2022,678,25,0.88
Service Apartment,Petaling,Bandar Subang Jaya,DAMEN USJ SERVICE APARTMENT,Dec-21,Freehold,65,sq.m,-,-,10,"RM474,000.00",2021,700,23,0.43
Service Apartment,Petaling,Bandar Subang Jaya,DAMEN USJ SERVICE APARTMENT,Dec-21,Freehold,65,sq.m,,,14,"RM485,000.00",2021,700,23,0.61
Service Apartment,Petaling,Bandar Subang Jaya,DAMEN USJ SERVICE APARTMENT,Dec-21,Freehold,91,sq.m,-,-,14,"RM560,000.00",2021,980,23,0.61
Service Apartment,Petaling,Bandar Subang Jaya,IMPIAN MERIDIAN SERVICE APT-USJ 1,Dec-21,Freehold,90,sq.m,-,-,11,"RM560,000.00",2021,969,25,0.44
Service Apartment,Petaling,Bandar Subang Jaya,IMPIAN MERIDIAN SERVICE APT-USJ 1,Dec-21,Freehold,90,sq.m,,,16,"RM520,000.00",2021,969,25,0.64
Service Apartment,Petaling,Bandar Subang Jaya,IMPIAN MERIDIAN SERVICE APT-USJ 1,Dec-21,Freehold,118,sq.m,-,-,18,"RM480,000.00",2021,1270,25,0.72
Service Apartment,Petaling,Bandar Subang Jaya,KENWINGSTON - USJ 1,Dec-21,Freehold,61,sq.m,-,-,20,"RM500,000.00",2021,657,21,0.95
Service Apartment,Petaling,Bandar Subang Jaya,THE MAIN PLACE RESIDENCE (NEW GATE),Dec-21,Freehold,57,sq.m,-,-,18,"RM308,000.00",2021,614,25,0.72
Service Apartment,Petaling,Bandar Subang Jaya,THE MAIN PLACE RESIDENCE (NEW GATE),Dec-21,Freehold,59,sq.m,-,-,13,"RM323,000.00",2021,635,25,0.52
Service Apartment,Petaling,Bandar Subang Jaya,THE MAIN PLACE RESIDENCE (NEW GATE),Dec-21,Freehold,78,sq.m,-,-,10,"RM420,000.00",2021,840,25,0.4
Service Apartment,Petaling,Bandar Subang Jaya,GRAND SUBANG JAYA @ SS15,Dec-21,Freehold,52,sq.m,-,-,23,"RM532,000.00",2021,560,24,0.96
SOHO/SOFO/SOVO,Petaling,Damansara,MENARA GENO,Dec-21,Leasehold,42,sq.m,-,-,16,"RM270,000.00",2021,452,45,0.36
SOHO/SOFO/SOVO,Petaling,Damansara,MENARA GENO,Dec-21,Leasehold,49,sq.m,-,-,6,"RM280,000.00",2021,527,45,0.13
Condominium/Apartment,Petaling,Bandar Subang Jaya,PANGSAPURI LAFITE-SS17 SUBANG JAYA,Dec-22,Freehold,87,sq.m,-,-,2,"RM420,000.00",2022,936,4,0.5
Condominium/Apartment,Petaling,Pekan Penaga,USJ ONE AVENUE-USJ 1,Dec-22,Leasehold,124,sq.m,-,-,13,"RM550,000.00",2022,1335,19,0.68
Condominium/Apartment,Petaling,Pekan Penaga,USJ ONE AVENUE-USJ 1,Dec-22,Leasehold,126,sq.m,-,-,18,"RM490,000.00",2022,1356,19,0.95
Condominium/Apartment,Petaling,Pekan Penaga,USJ ONE AVENUE-USJ 1,Dec-22,Leasehold,0,,,,19,"RM490,000.00",2022,1356,19,1
Condominium/Apartment,Petaling,Pekan Penaga,USJ ONE PARK KONDO,Dec-22,Leasehold,115,sq.m,-,-,13,"RM550,000.00",2022,1238,21,0.62
Condominium/Apartment,Petaling,Pekan Subang Jaya,REGINA USJ 1,Dec-22,Leasehold,116,sq.m,-,-,5,"RM514,000.00",2022,1249,30,0.17
Service Apartment,Petaling,Bandar Subang Jaya,THE GRAND SUBANG-SS 13 SUBANG JAYA,Dec-22,Freehold,52,sq.m,-,-,10,"RM448,000.00",2022,560,22,0.45
Service Apartment,Petaling,Bandar Subang Jaya,THE GRAND SUBANG-SS 13 SUBANG JAYA,Dec-22,Freehold,52,sq.m,,,19,"RM450,000.00",2022,560,22,0.86
Service Apartment,Petaling,Bandar Subang Jaya,THE GRAND SUBANG-SS 13 SUBANG JAYA,Dec-22,Freehold,52.3,sq.m,-,-,19,"RM490,000.00",2022,563,22,0.86
Service Apartment,Petaling,Bandar Subang Jaya,CASA SUBANG-USJ 1,Nov-22,Freehold,99,sq.m,-,-,17,"RM480,000.00",2022,1066,25,0.68
Service Apartment,Petaling,Bandar Subang Jaya,DAMEN USJ SERVICE APARTMENT,Dec-22,Freehold,65,sq.m,-,-,10,"RM450,000.00",2022,700,23,0.43
Service Apartment,Petaling,Bandar Subang Jaya,THE MAIN PLACE RESIDENCE (NEW GATE),Dec-22,Freehold,85,sq.m,-,-,15,"RM439,000.00",2022,915,25,0.6
Service Apartment,Petaling,Bandar Subang Jaya,THE MAIN PLACE RESIDENCE (NEW GATE),Dec-22,Freehold,100,sq.m,-,-,32,"RM520,000.00",2022,1076,25,1.28
Service Apartment,Petaling,Bandar Subang Jaya,GRAND SUBANG JAYA @ SS15,Dec-22,Freehold,52,sq.m,-,-,12,"RM555,000.00",2022,560,24,0.5
Service Apartment,Petaling,Bandar Subang Jaya,GRAND SUBANG JAYA @ SS15,Dec-22,Freehold,52,sq.m,,,17,"RM497,000.00",2022,560,24,0.71
Service Apartment,Petaling,Bandar Subang Jaya,GRAND SUBANG JAYA @ SS15,Dec-22,Freehold,52,sq.m,,,24,"RM550,000.00",2022,560,24,1
SOHO/SOFO/SOVO,Petaling,Damansara,MENARA GENO,Dec-22,Leasehold,49,sq.m,-,-,25,"RM238,000.00",2022,527,45,0.56
Condominium/Apartment,Petaling,Bandar Subang Jaya,P/PURI MY PLACE - SS15 SUBANG JAYA,Dec-23,Freehold,91,sq.m,-,-,1,"RM410,000.00",2023,980,5,0.2
Condominium/Apartment,Petaling,Bandar Subang Jaya,PANGSAPURI LAFITE-SS17 SUBANG JAYA,Dec-23,Freehold,87,sq.m,-,-,1,"RM400,000.00",2023,936,4,0.25
Condominium/Apartment,Petaling,Pekan Subang Jaya,REGINA USJ 1,Dec-23,Leasehold,115.93,sq.m,-,-,5,"RM580,000.00",2023,1248,30,0.17
Service Apartment,Petaling,Bandar Subang Jaya,SUBANG OLIVES RESIDENCE-SS16 S.JAYA,Dec-23,Freehold,166,sq.m,-,-,14,"RM750,000.00",2023,1787,17,0.82
Service Apartment,Petaling,Bandar Subang Jaya,THE GRAND SUBANG-SS 13 SUBANG JAYA,Dec-23,Freehold,48,sq.m,-,-,17,"RM500,000.00",2023,517,22,0.77
Service Apartment,Petaling,Bandar Subang Jaya,THE GRAND SUBANG-SS 13 SUBANG JAYA,Dec-23,Freehold,48,sq.m,,,18,"RM450,000.00",2023,517,22,0.82
Service Apartment,Petaling,Bandar Subang Jaya,CASA SUBANG-USJ 1,Nov-22,Freehold,99,sq.m,,,,"RM490,000.00",2022,1066,25,0
Service Apartment,Petaling,Bandar Subang Jaya,DAMEN USJ SERVICE APARTMENT,Dec-23,Freehold,65,sq.m,-,-,12,"RM510,000.00",2023,700,23,0.52
Service Apartment,Petaling,Bandar Subang Jaya,DAMEN USJ SERVICE APARTMENT,Dec-23,Freehold,113,sq.m,-,-,17,"RM775,000.00",2023,1216,23,0.74
Service Apartment,Petaling,Bandar Subang Jaya,IMPIAN MERIDIAN SERVICE APT-USJ 1,Dec-23,Freehold,91,sq.m,-,-,10,"RM600,000.00",2023,980,25,0.4
Service Apartment,Petaling,Bandar Subang Jaya,IMPIAN MERIDIAN SERVICE APT-USJ 1,Dec-23,Freehold,118,sq.m,-,-,20,"RM440,000.00",2023,1270,25,0.8
Service Apartment,Petaling,Bandar Subang Jaya,IMPIAN MERIDIAN SERVICE APT-USJ 1,Dec-23,Freehold,118,sq.m,,,21,"RM595,000.00",2023,1270,25,0.84
Service Apartment,Petaling,Bandar Subang Jaya,KENWINGSTON - USJ 1,Dec-23,Freehold,79,sq.m,-,-,16,"RM650,000.00",2023,850,21,0.76
Service Apartment,Petaling,Bandar Subang Jaya,THE MAIN PLACE RESIDENCE (NEW GATE),Dec-23,Freehold,39,sq.m,-,-,23,"RM260,000.00",2023,420,25,0.92
Service Apartment,Petaling,Bandar Subang Jaya,THE MAIN PLACE RESIDENCE (NEW GATE),Dec-23,Freehold,57,sq.m,-,-,26,"RM328,000.00",2023,614,25,1.04
Service Apartment,Petaling,Bandar Subang Jaya,YOU ONE USJ 1,Dec-23,Freehold,62,sq.m,-,-,34,"RM370,000.00",2023,667,19,1.79
Service Apartment,Petaling,Bandar Subang Jaya,DAMEN USJ SERVICE APARTMENT,Feb-21,Freehold,65,sq.m,-,-,20,"RM494,000.00",2021,700,23,0.87
SOHO/SOFO/SOVO,Petaling,Damansara,MENARA GENO,Feb-21,Leasehold,49,sq.m,-,-,17,"RM280,000.00",2021,527,45,0.38
Service Apartment,Petaling,Bandar Subang Jaya,"SAUJANA RESIDENCY - SS 16, SUBANG JAYA",Feb-22,Freehold,54.34,sq.m,-,-,2,"RM500,000.00",2022,585,19,0.11
Service Apartment,Petaling,Bandar Subang Jaya,THE MAIN PLACE RESIDENCE (NEW GATE),Feb-22,Freehold,57,sq.m,-,-,19,"RM360,000.00",2022,614,25,0.76
Service Apartment,Petaling,Bandar Subang Jaya,THE MAIN PLACE RESIDENCE (NEW GATE),Feb-22,Freehold,59,sq.m,-,-,25,"RM390,000.00",2022,635,25,1
Service Apartment,Petaling,Bandar Subang Jaya,THE MAIN PLACE RESIDENCE (NEW GATE),Feb-22,Freehold,85,sq.m,-,-,19,"RM490,000.00",2022,915,25,0.76
Condominium/Apartment,Petaling,Pekan Subang Jaya,REGINA USJ 1,Feb-23,Leasehold,105,sq.m,-,-,16,"RM490,000.00",2023,1130,30,0.53
Service Apartment,Petaling,Bandar Subang Jaya,THE GRAND SUBANG-SS 13 SUBANG JAYA,Feb-23,Freehold,48,sq.m,-,-,21,"RM460,000.00",2023,517,22,0.95
Service Apartment,Petaling,Bandar Subang Jaya,CASA SUBANG-USJ 1,Oct-22,Freehold,63,sq.m,-,-,19,"RM350,000.00",2022,678,25,0.76
Service Apartment,Petaling,Bandar Subang Jaya,DAMEN USJ SERVICE APARTMENT,Feb-23,Freehold,65,sq.m,-,-,23,"RM432,000.00",2023,700,23,1
Service Apartment,Petaling,Bandar Subang Jaya,THE MAIN PLACE RESIDENCE (NEW GATE),Feb-23,Freehold,83,sq.m,-,-,29,"RM490,000.00",2023,893,25,1.16
Service Apartment,Petaling,Bandar Subang Jaya,THE MAIN PLACE RESIDENCE (NEW GATE),Feb-23,Freehold,83,sq.m,,,30,"RM490,000.00",2023,893,25,1.2
Service Apartment,Petaling,Bandar Subang Jaya,THE MAIN PLACE RESIDENCE (NEW GATE),Feb-23,Freehold,84,sq.m,-,-,25,"RM475,000.00",2023,904,25,1
Condominium/Apartment,Petaling,Pekan Subang Jaya,REGINA USJ 1,Feb-24,Leasehold,115.93,sq.m,-,-,3A,"RM540,000.00",2024,1248,30,#VALUE!
Service Apartment,Petaling,Bandar Subang Jaya,"SAUJANA RESIDENCY - SS 16, SUBANG JAYA",Feb-24,Freehold,84,sq.m,-,-,3,"RM690,000.00",2024,904,19,0.16
Service Apartment,Petaling,Bandar Subang Jaya,THE GRAND SUBANG-SS 13 SUBANG JAYA,Feb-24,Freehold,48,sq.m,-,-,7,"RM500,000.00",2024,517,22,0.32
Service Apartment,Petaling,Bandar Subang Jaya,CASA SUBANG-USJ 1,Oct-22,Freehold,99,sq.m,-,-,18,"RM490,000.00",2022,1066,25,0.72
Service Apartment,Petaling,Bandar Subang Jaya,CASA SUBANG-USJ 1,Sep-22,Freehold,63,sq.m,-,-,23,"RM350,000.00",2022,678,25,0.92
Service Apartment,Petaling,Bandar Subang Jaya,CASA SUBANG-USJ 1,Apr-23,Freehold,63,sq.m,-,-,4,"RM400,000.00",2023,678,25,0.16
Service Apartment,Petaling,Bandar Subang Jaya,IMPIAN MERIDIAN SERVICE APT-USJ 1,Feb-24,Freehold,90,sq.m,-,-,8,"RM420,000.00",2024,969,25,0.32
Service Apartment,Petaling,Bandar Subang Jaya,IMPIAN MERIDIAN SERVICE APT-USJ 1,Feb-24,Freehold,118,sq.m,-,-,23,"RM550,000.00",2024,1270,25,0.92
Service Apartment,Petaling,Bandar Subang Jaya,IMPIAN MERIDIAN SERVICE APT-USJ 1,Feb-24,Freehold,118,sq.m,,,26,"RM700,000.00",2024,1270,25,1.04
Service Apartment,Petaling,Bandar Subang Jaya,YOU ONE USJ 1,Feb-24,Freehold,63,sq.m,-,-,13,"RM400,000.00",2024,678,19,0.68
SOHO/SOFO/SOVO,Petaling,Damansara,MENARA GENO,Feb-24,Leasehold,49,sq.m,-,-,20,"RM350,000.00",2024,527,45,0.44
Service Apartment,Petaling,Bandar Subang Jaya,DAMEN USJ SERVICE APARTMENT,Jan-21,Freehold,91,sq.m,-,-,10,"RM622,000.00",2021,980,23,0.43
Condominium/Apartment,Petaling,Pekan Penaga,USJ ONE AVENUE-USJ 1,Jan-22,Leasehold,126,sq.m,-,-,4,"RM700,000.00",2022,1356,19,0.21
Condominium/Apartment,Petaling,Pekan Penaga,USJ ONE AVENUE-USJ 1,Jan-22,Leasehold,158.39,sq.m,-,-,13A,"RM635,000.00",2022,1705,19,#VALUE!
Condominium/Apartment,Petaling,Pekan Subang Jaya,REGINA USJ 1,Jan-22,Leasehold,115.94,sq.m,-,-,16,"RM470,000.00",2022,1248,30,0.53
Condominium/Apartment,Petaling,Pekan Subang Jaya,REGINA USJ 1,Jan-22,Leasehold,122,sq.m,-,-,16,"RM560,000.00",2022,1313,30,0.53
Service Apartment,Petaling,Bandar Subang Jaya,THE GRAND SUBANG-SS 13 SUBANG JAYA,Jan-22,Freehold,48,sq.m,-,-,9,"RM400,000.00",2022,517,22,0.41
Service Apartment,Petaling,Bandar Subang Jaya,YOU ONE USJ 1,Jan-22,Freehold,62,sq.m,-,-,17,"RM422,000.00",2022,667,19,0.89
Service Apartment,Petaling,Bandar Subang Jaya,GRAND SUBANG JAYA @ SS15,Jan-22,Freehold,52,sq.m,-,-,24,"RM532,000.00",2022,560,24,1
Condominium/Apartment,Petaling,Pekan Penaga,USJ ONE AVENUE-USJ 1,Jan-23,Leasehold,165,sq.m,-,-,5,"RM620,000.00",2023,1776,19,0.26
Service Apartment,Petaling,Bandar Subang Jaya,"SAUJANA RESIDENCY - SS 16, SUBANG JAYA",Jan-23,Freehold,82.03,sq.m,-,-,9,"RM560,000.00",2023,883,19,0.47
Service Apartment,Petaling,Bandar Subang Jaya,THE GRAND SUBANG-SS 13 SUBANG JAYA,Jan-23,Freehold,48,sq.m,-,-,14,"RM440,000.00",2023,517,22,0.64
Service Apartment,Petaling,Bandar Subang Jaya,THE MAIN PLACE RESIDENCE (NEW GATE),Jan-23,Freehold,57,sq.m,-,-,19,"RM345,000.00",2023,614,25,0.76
Condominium/Apartment,Petaling,Pekan Penaga,USJ ONE AVENUE-USJ 1,Jan-24,Leasehold,125,sq.m,-,-,5,"RM435,000.00",2024,1345,19,0.26
Service Apartment,Petaling,Bandar Subang Jaya,SUBANG OLIVES RESIDENCE-SS16 S.JAYA,Jan-24,Freehold,179,sq.m,-,-,12,"RM838,000.00",2024,1927,17,0.71
Service Apartment,Petaling,Bandar Subang Jaya,CASA SUBANG-USJ 1,Apr-23,Freehold,63,sq.m,,,9,"RM400,000.00",2023,678,25,0.36
Service Apartment,Petaling,Bandar Subang Jaya,DAMEN USJ SERVICE APARTMENT,Jan-24,Freehold,65,sq.m,-,-,21,"RM510,000.00",2024,700,23,0.91
Service Apartment,Petaling,Bandar Subang Jaya,IMPIAN MERIDIAN SERVICE APT-USJ 1,Jan-24,Freehold,90,sq.m,-,-,13,"RM410,000.00",2024,969,25,0.52
Service Apartment,Petaling,Bandar Subang Jaya,IMPIAN MERIDIAN SERVICE APT-USJ 1,Jan-24,Freehold,90,sq.m,,,27,"RM610,000.00",2024,969,25,1.08
Service Apartment,Petaling,Bandar Subang Jaya,IMPIAN MERIDIAN SERVICE APT-USJ 1,Jan-24,Freehold,118,sq.m,-,-,20,"RM480,000.00",2024,1270,25,0.8
Service Apartment,Petaling,Bandar Subang Jaya,KENWINGSTON - USJ 1,Jan-24,Freehold,61,sq.m,-,-,14,"RM515,000.00",2024,657,21,0.67
Service Apartment,Petaling,Bandar Subang Jaya,KENWINGSTON - USJ 1,Jan-24,Freehold,61,sq.m,,,22,"RM535,000.00",2024,657,21,1.05
Condominium/Apartment,Petaling,Pekan Penaga,USJ ONE AVENUE-USJ 1,Jul-21,Leasehold,126,sq.m,-,-,19,"RM550,000.00",2021,1356,19,1
SOHO/SOFO/SOVO,Petaling,Damansara,MENARA GENO,Jul-21,Leasehold,49,sq.m,-,-,10,"RM170,000.00",2021,527,45,0.22
Condominium/Apartment,Petaling,Pekan Penaga,USJ ONE PARK KONDO,Jul-22,Leasehold,115,sq.m,-,-,19,"RM485,000.00",2022,1238,21,0.9
Condominium/Apartment,Petaling,Pekan Subang Jaya,INDERA SUBANG KONDOMINIUM - USJ 6,May-24,Freehold,165,sq.m,-,-,3,"RM640,000.00",2024,1776,17,0.18
Service Apartment,Petaling,Bandar Subang Jaya,CASA SUBANG-USJ 1,Apr-23,Freehold,63,sq.m,,,29,"RM284,000.00",2023,678,25,1.16
Service Apartment,Petaling,Bandar Subang Jaya,CASA SUBANG-USJ 1,Apr-23,Freehold,75,sq.m,-,-,9,"RM400,000.00",2023,807,25,0.36
Service Apartment,Petaling,Bandar Subang Jaya,DAMEN USJ SERVICE APARTMENT,Jul-22,Freehold,65,sq.m,-,-,11,"RM500,000.00",2022,700,23,0.48
Service Apartment,Petaling,Bandar Subang Jaya,IMPIAN MERIDIAN SERVICE APT-USJ 1,Jul-22,Freehold,90,sq.m,-,-,9,"RM500,000.00",2022,969,25,0.36
Service Apartment,Petaling,Bandar Subang Jaya,THE MAIN PLACE RESIDENCE (NEW GATE),Jul-22,Freehold,88,sq.m,-,-,24,"RM450,000.00",2022,947,25,0.96
SOHO/SOFO/SOVO,Petaling,Damansara,MENARA GENO,Jul-22,Leasehold,49,sq.m,-,-,6,"RM199,000.00",2022,527,45,0.13
Condominium/Apartment,Petaling,Bandar Subang Jaya,PANGSAPURI LAFITE-SS17 SUBANG JAYA,Jul-23,Freehold,87,sq.m,-,-,1,"RM499,000.00",2023,936,4,0.25
Condominium/Apartment,Petaling,Pekan Penaga,USJ ONE AVENUE-USJ 1,Jul-23,Leasehold,126,sq.m,-,-,17,"RM480,000.00",2023,1356,19,0.89
Condominium/Apartment,Petaling,Pekan Subang Jaya,INDERA SUBANG KONDOMINIUM - USJ 6,Jun-22,Freehold,177,sq.m,-,-,7,"RM730,000.00",2022,1905,17,0.41
Condominium/Apartment,Petaling,Pekan Subang Jaya,REGINA USJ 1,Jul-23,Leasehold,122,sq.m,-,-,16,"RM550,000.00",2023,1313,30,0.53
Condominium/Apartment,Petaling,Pekan Subang Jaya,REGINA USJ 1,Jul-23,Leasehold,136.93,sq.m,-,-,19,"RM665,000.00",2023,1474,30,0.63
Service Apartment,Petaling,Bandar Subang Jaya,"SAUJANA RESIDENCY - SS 16, SUBANG JAYA",Jul-23,Freehold,128,sq.m,-,-,13,"RM806,000.00",2023,1378,19,0.68
Service Apartment,Petaling,Bandar Subang Jaya,THE GRAND SUBANG-SS 13 SUBANG JAYA,Jul-23,Freehold,48,sq.m,-,-,7,"RM500,000.00",2023,517,22,0.32
Service Apartment,Petaling,Bandar Subang Jaya,THE GRAND SUBANG-SS 13 SUBANG JAYA,Jul-23,Freehold,48,sq.m,,,17,"RM440,000.00",2023,517,22,0.77
Service Apartment,Petaling,Bandar Subang Jaya,EDGE RESIDENC - USJ 1,Jul-23,Leasehold,72,sq.m,-,-,27,"RM430,000.00",2023,775,29,0.93
Service Apartment,Petaling,Bandar Subang Jaya,CASA SUBANG-USJ 1,Apr-23,Freehold,99,sq.m,-,-,2,"RM520,000.00",2023,1066,25,0.08
Service Apartment,Petaling,Bandar Subang Jaya,CASA SUBANG-USJ 1,Apr-23,Freehold,99,sq.m,,,18,"RM530,000.00",2023,1066,25,0.72
Service Apartment,Petaling,Bandar Subang Jaya,CASA SUBANG-USJ 1,Apr-23,Freehold,99,sq.m,,,19,"RM499,000.00",2023,1066,25,0.76
Service Apartment,Petaling,Bandar Subang Jaya,CASA SUBANG-USJ 1,Aug-23,Freehold,99,sq.m,-,-,2,"RM520,000.00",2023,1066,25,0.08
Service Apartment,Petaling,Bandar Subang Jaya,CASA SUBANG-USJ 1,Aug-23,Freehold,99,sq.m,,,12,"RM550,000.00",2023,1066,25,0.48
Service Apartment,Petaling,Bandar Subang Jaya,CASA SUBANG-USJ 1,Dec-23,Freehold,99,sq.m,-,-,1,"RM550,000.00",2023,1066,25,0.04
Service Apartment,Petaling,Bandar Subang Jaya,CASA SUBANG-USJ 1,Feb-23,Freehold,99,sq.m,-,-,17,"RM460,000.00",2023,1066,25,0.68
Service Apartment,Petaling,Bandar Subang Jaya,CASA SUBANG-USJ 1,Jul-23,Freehold,63,sq.m,-,-,3A,"RM275,000.00",2023,678,25,#VALUE!
Service Apartment,Petaling,Bandar Subang Jaya,DAMEN USJ SERVICE APARTMENT,Jul-23,Freehold,65,sq.m,-,-,20,"RM450,000.00",2023,700,23,0.87
Service Apartment,Petaling,Bandar Subang Jaya,DAMEN USJ SERVICE APARTMENT,Jul-23,Freehold,65,sq.m,,,22,"RM510,000.00",2023,700,23,0.96
Service Apartment,Petaling,Bandar Subang Jaya,IMPIAN MERIDIAN SERVICE APT-USJ 1,Jul-23,Freehold,90,sq.m,-,-,15,"RM580,000.00",2023,969,25,0.6
Service Apartment,Petaling,Bandar Subang Jaya,IMPIAN MERIDIAN SERVICE APT-USJ 1,Jul-23,Freehold,90,sq.m,,,17,"RM410,000.00",2023,969,25,0.68
Service Apartment,Petaling,Bandar Subang Jaya,IMPIAN MERIDIAN SERVICE APT-USJ 1,Jul-23,Freehold,90,sq.m,,,18,"RM480,000.00",2023,969,25,0.72
Service Apartment,Petaling,Bandar Subang Jaya,IMPIAN MERIDIAN SERVICE APT-USJ 1,Jul-23,Freehold,90,sq.m,,,23,"RM580,000.00",2023,969,25,0.92
Service Apartment,Petaling,Bandar Subang Jaya,IMPIAN MERIDIAN SERVICE APT-USJ 1,Jul-23,Freehold,90,sq.m,,,26,"RM580,000.00",2023,969,25,1.04
Service Apartment,Petaling,Bandar Subang Jaya,IMPIAN MERIDIAN SERVICE APT-USJ 1,Jul-23,Freehold,92.5,sq.m,-,-,26,"RM428,000.00",2023,996,25,1.04
Service Apartment,Petaling,Bandar Subang Jaya,IMPIAN MERIDIAN SERVICE APT-USJ 1,Jul-23,Freehold,118,sq.m,-,-,16,"RM500,000.00",2023,1270,25,0.64
Service Apartment,Petaling,Bandar Subang Jaya,THE MAIN PLACE RESIDENCE (NEW GATE),Jul-23,Freehold,57,sq.m,-,-,11,"RM328,000.00",2023,614,25,0.44
Service Apartment,Petaling,Bandar Subang Jaya,THE MAIN PLACE RESIDENCE (NEW GATE),Jul-23,Freehold,57,sq.m,,,19,"RM320,000.00",2023,614,25,0.76
Service Apartment,Petaling,Bandar Subang Jaya,THE MAIN PLACE RESIDENCE (NEW GATE),Jul-23,Freehold,59,sq.m,-,-,23A,"RM365,000.00",2023,635,25,#VALUE!
Service Apartment,Petaling,Bandar Subang Jaya,GRAND SUBANG JAYA @ SS15,Jul-23,Freehold,52,sq.m,-,-,15,"RM480,000.00",2023,560,24,0.63
Condominium/Apartment,Petaling,Bandar Subang Jaya,PANGSAPURI LAFITE-SS17 SUBANG JAYA,Jun-22,Freehold,85,sq.m,-,-,3,"RM395,000.00",2022,915,4,0.75
Condominium/Apartment,Petaling,Pekan Subang Jaya,INDERA SUBANG KONDOMINIUM - USJ 6,Mar-22,Freehold,159,sq.m,-,-,8,"RM760,000.00",2022,1711,17,0.47
Condominium/Apartment,Petaling,Pekan Subang Jaya,REGINA USJ 1,Jun-22,Leasehold,115.93,sq.m,-,-,8,"RM500,000.00",2022,1248,30,0.27
Condominium/Apartment,Petaling,Pekan Subang Jaya,REGINA USJ 1,Jun-22,Leasehold,115.93,sq.m,,,13,"RM565,000.00",2022,1248,30,0.43
Condominium/Apartment,Petaling,Pekan Subang Jaya,REGINA USJ 1,Jun-22,Leasehold,116,sq.m,-,-,9,"RM500,000.00",2022,1249,30,0.3
Condominium/Apartment,Petaling,Pekan Subang Jaya,REGINA USJ 1,Jun-22,Leasehold,130.98,sq.m,-,-,16,"RM640,000.00",2022,1410,30,0.53
Service Apartment,Petaling,Bandar Subang Jaya,THE GRAND SUBANG-SS 13 SUBANG JAYA,Jun-22,Freehold,48,sq.m,-,-,10,"RM400,000.00",2022,517,22,0.45
Service Apartment,Petaling,Bandar Subang Jaya,CASA SUBANG-USJ 1,Jul-23,Freehold,63,sq.m,,,29,"RM330,000.00",2023,678,25,1.16
Service Apartment,Petaling,Bandar Subang Jaya,IMPIAN MERIDIAN SERVICE APT-USJ 1,Jun-22,Freehold,90,sq.m,-,-,10,"RM560,000.00",2022,969,25,0.4
Service Apartment,Petaling,Bandar Subang Jaya,IMPIAN MERIDIAN SERVICE APT-USJ 1,Jun-22,Freehold,90,sq.m,,,11,"RM418,000.00",2022,969,25,0.44
Service Apartment,Petaling,Bandar Subang Jaya,IMPIAN MERIDIAN SERVICE APT-USJ 1,Jun-22,Freehold,90,sq.m,,,22,"RM570,000.00",2022,969,25,0.88
Service Apartment,Petaling,Bandar Subang Jaya,KENWINGSTON - USJ 1,Jun-22,Freehold,79,sq.m,-,-,23,"RM600,000.00",2022,850,21,1.1
Service Apartment,Petaling,Bandar Subang Jaya,THE MAIN PLACE RESIDENCE (NEW GATE),Jun-22,Freehold,57,sq.m,-,-,23,"RM400,000.00",2022,614,25,0.92
Service Apartment,Petaling,Bandar Subang Jaya,YOU ONE USJ 1,Jun-22,Freehold,62,sq.m,-,-,32,"RM420,000.00",2022,667,19,1.68
Service Apartment,Petaling,Bandar Subang Jaya,GRAND SUBANG JAYA @ SS15,Jun-22,Freehold,52,sq.m,-,-,20,"RM520,000.00",2022,560,24,0.83
Service Apartment,Petaling,Bandar Subang Jaya,GRAND SUBANG JAYA @ SS15,Jun-22,Freehold,52,sq.m,,,24,"RM533,000.00",2022,560,24,1
Service Apartment,Petaling,Bandar Subang Jaya,GRAND SUBANG JAYA @ SS15,Jun-22,Freehold,52,sq.m,,,31,"RM526,000.00",2022,560,24,1.29
SOHO/SOFO/SOVO,Petaling,Damansara,ARMANI SOHO,Jun-22,Freehold,42,sq.m,-,-,12,"RM230,000.00",2022,452,15,0.8
Condominium/Apartment,Petaling,Pekan Penaga,USJ ONE AVENUE-USJ 1,Jun-23,Leasehold,124,sq.m,-,-,6,"RM550,000.00",2023,1335,19,0.32
Condominium/Apartment,Petaling,Pekan Penaga,USJ ONE AVENUE-USJ 1,Jun-23,Leasehold,126,sq.m,-,-,13,"RM440,000.00",2023,1356,19,0.68
Condominium/Apartment,Petaling,Pekan Penaga,USJ ONE AVENUE-USJ 1,Jun-23,Leasehold,0,,,,18,"RM540,000.00",2023,1356,19,0.95
Condominium/Apartment,Petaling,Pekan Subang Jaya,INDERA SUBANG KONDOMINIUM - USJ 6,Sep-22,Freehold,138,sq.m,-,-,8,"RM590,000.00",2022,1485,17,0.47
Condominium/Apartment,Petaling,Pekan Subang Jaya,REGINA USJ 1,Jun-23,Leasehold,96.98,sq.m,-,-,11,"RM478,000.00",2023,1044,30,0.37
Condominium/Apartment,Petaling,Pekan Subang Jaya,REGINA USJ 1,Jun-23,Leasehold,104.97,sq.m,-,-,14,"RM530,000.00",2023,1130,30,0.47
Service Apartment,Petaling,Bandar Subang Jaya,"SAUJANA RESIDENCY - SS 16, SUBANG JAYA",Jun-23,Freehold,82.03,sq.m,-,-,12,"RM615,000.00",2023,883,19,0.63
Service Apartment,Petaling,Bandar Subang Jaya,THE GRAND SUBANG-SS 13 SUBANG JAYA,Jun-23,Freehold,48,sq.m,-,-,19,"RM490,000.00",2023,517,22,0.86
Service Apartment,Petaling,Bandar Subang Jaya,THE GRAND SUBANG-SS 13 SUBANG JAYA,Jun-23,Freehold,52,sq.m,-,-,8,"RM462,000.00",2023,560,22,0.36
Service Apartment,Petaling,Bandar Subang Jaya,THE GRAND SUBANG-SS 13 SUBANG JAYA,Jun-23,Freehold,52,sq.m,,,16,"RM485,000.00",2023,560,22,0.73
Service Apartment,Petaling,Bandar Subang Jaya,CASA SUBANG-USJ 1,Jul-23,Freehold,98.65,sq.m,-,-,8,"RM470,000.00",2023,1062,25,0.32
Service Apartment,Petaling,Bandar Subang Jaya,CASA SUBANG-USJ 1,Jul-23,Freehold,99,sq.m,-,-,4,"RM550,000.00",2023,1066,25,0.16
Service Apartment,Petaling,Bandar Subang Jaya,IMPIAN MERIDIAN SERVICE APT-USJ 1,Jun-23,Freehold,120.96,sq.m,-,-,14,"RM750,000.00",2023,1302,25,0.56
Service Apartment,Petaling,Bandar Subang Jaya,KENWINGSTON - USJ 1,Jun-23,Freehold,79,sq.m,-,-,18,"RM598,000.00",2023,850,21,0.86
Service Apartment,Petaling,Bandar Subang Jaya,THE MAIN PLACE RESIDENCE (NEW GATE),Jun-23,Freehold,57,sq.m,-,-,18,"RM360,000.00",2023,614,25,0.72
Service Apartment,Petaling,Bandar Subang Jaya,THE MAIN PLACE RESIDENCE (NEW GATE),Jun-23,Freehold,57,sq.m,,,26,"RM360,000.00",2023,614,25,1.04
Service Apartment,Petaling,Bandar Subang Jaya,THE MAIN PLACE RESIDENCE (NEW GATE),Jun-23,Freehold,57,sq.m,,,27,"RM315,000.00",2023,614,25,1.08
Service Apartment,Petaling,Bandar Subang Jaya,THE MAIN PLACE RESIDENCE (NEW GATE),Jun-23,Freehold,78,sq.m,-,-,29,"RM448,000.00",2023,840,25,1.16
Service Apartment,Petaling,Bandar Subang Jaya,THE MAIN PLACE RESIDENCE (NEW GATE),Jun-23,Freehold,85,sq.m,-,-,23,"RM550,000.00",2023,915,25,0.92
Condominium/Apartment,Petaling,Pekan Penaga,USJ ONE PARK KONDO,Jun-24,Leasehold,115,sq.m,-,-,13,"RM463,000.00",2024,1238,21,0.62
Condominium/Apartment,Petaling,Pekan Subang Jaya,INDERA SUBANG KONDOMINIUM - USJ 6,Jun-23,Freehold,165,sq.m,-,-,9,"RM780,000.00",2023,1776,17,0.53
Condominium/Apartment,Petaling,Pekan Subang Jaya,REGINA USJ 1,Mar-22,Leasehold,105,sq.m,-,-,13A,"RM485,000.00",2022,1130,30,#VALUE!
Condominium/Apartment,Petaling,Pekan Subang Jaya,REGINA USJ 1,Mar-22,Leasehold,136.93,sq.m,-,-,11,"RM605,000.00",2022,1474,30,0.37
Service Apartment,Petaling,Bandar Subang Jaya,"SAUJANA RESIDENCY - SS 16, SUBANG JAYA",Mar-22,Freehold,166.75,sq.m,-,-,15,"RM1,100,000.00",2022,1795,19,0.79
Service Apartment,Petaling,Bandar Subang Jaya,THE GRAND SUBANG-SS 13 SUBANG JAYA,Mar-22,Freehold,48,sq.m,-,-,16,"RM397,000.00",2022,517,22,0.73
Service Apartment,Petaling,Bandar Subang Jaya,EDGE RESIDENC - USJ 1,Mar-22,Leasehold,60,sq.m,-,-,23,"RM308,000.00",2022,646,29,0.79
Service Apartment,Petaling,Bandar Subang Jaya,DAMEN USJ SERVICE APARTMENT,Mar-22,Freehold,65,sq.m,-,-,14,"RM510,000.00",2022,700,23,0.61
Service Apartment,Petaling,Bandar Subang Jaya,IMPIAN MERIDIAN SERVICE APT-USJ 1,Mar-22,Freehold,91,sq.m,-,-,16,"RM450,000.00",2022,980,25,0.64
Service Apartment,Petaling,Bandar Subang Jaya,KENWINGSTON - USJ 1,Mar-22,Freehold,61,sq.m,-,-,21,"RM473,000.00",2022,657,21,1
Service Apartment,Petaling,Bandar Subang Jaya,KENWINGSTON - USJ 1,Mar-22,Freehold,61,sq.m,,,26,"RM445,000.00",2022,657,21,1.24
Service Apartment,Petaling,Bandar Subang Jaya,GRAND SUBANG JAYA @ SS15,Mar-22,Freehold,52,sq.m,-,-,13,"RM510,000.00",2022,560,24,0.54
Service Apartment,Petaling,Bandar Subang Jaya,GRAND SUBANG JAYA @ SS15,Mar-22,Freehold,52,sq.m,,,23,"RM532,000.00",2022,560,24,0.96
Service Apartment,Petaling,Bandar Subang Jaya,GRAND SUBANG JAYA @ SS15,Mar-22,Freehold,52,sq.m,,,31,"RM526,000.00",2022,560,24,1.29
Service Apartment,Petaling,Bandar Subang Jaya,GRAND SUBANG JAYA @ SS15,Mar-22,Freehold,52,sq.m,,,UG,"RM532,000.00",2022,560,24,#VALUE!
Service Apartment,Petaling,Bandar Subang Jaya,"SAUJANA RESIDENCY - SS 16, SUBANG JAYA",Mar-23,Freehold,82.03,sq.m,-,-,7,"RM600,000.00",2023,883,19,0.37
Service Apartment,Petaling,Bandar Subang Jaya,THE GRAND SUBANG-SS 13 SUBANG JAYA,Mar-23,Freehold,48,sq.m,-,-,2,"RM373,000.00",2023,517,22,0.09
Service Apartment,Petaling,Bandar Subang Jaya,THE GRAND SUBANG-SS 13 SUBANG JAYA,Mar-23,Freehold,48,sq.m,,,9,"RM490,000.00",2023,517,22,0.41
Service Apartment,Petaling,Bandar Subang Jaya,CASA SUBANG-USJ 1,Jul-23,Freehold,99,sq.m,,,7,"RM550,000.00",2023,1066,25,0.28
Service Apartment,Petaling,Bandar Subang Jaya,CASA SUBANG-USJ 1,Jul-23,Freehold,99,sq.m,,,13A,"RM550,000.00",2023,1066,25,#VALUE!
Service Apartment,Petaling,Bandar Subang Jaya,CASA SUBANG-USJ 1,Jul-23,Freehold,99,sq.m,,,20,"RM530,000.00",2023,1066,25,0.8
Service Apartment,Petaling,Bandar Subang Jaya,IMPIAN MERIDIAN SERVICE APT-USJ 1,Mar-23,Freehold,90,sq.m,-,-,24,"RM420,000.00",2023,969,25,0.96
Service Apartment,Petaling,Bandar Subang Jaya,IMPIAN MERIDIAN SERVICE APT-USJ 1,Mar-23,Freehold,91,sq.m,-,-,18,"RM490,000.00",2023,980,25,0.72
Service Apartment,Petaling,Bandar Subang Jaya,KENWINGSTON - USJ 1,Mar-23,Freehold,79,sq.m,-,-,31,"RM650,000.00",2023,850,21,1.48
Service Apartment,Petaling,Bandar Subang Jaya,THE MAIN PLACE RESIDENCE (NEW GATE),Mar-23,Freehold,57,sq.m,-,-,24,"RM350,000.00",2023,614,25,0.96
Service Apartment,Petaling,Bandar Subang Jaya,GRAND SUBANG JAYA @ SS15,Mar-23,Freehold,52,sq.m,-,-,15,"RM560,000.00",2023,560,24,0.63
Service Apartment,Petaling,Bandar Subang Jaya,GRAND SUBANG JAYA @ SS15,Mar-23,Freehold,52,sq.m,,,20,"RM555,000.00",2023,560,24,0.83
Condominium/Apartment,Petaling,Pekan Penaga,USJ ONE AVENUE-USJ 1,Mar-24,Leasehold,125,sq.m,-,-,16,"RM500,000.00",2024,1345,19,0.84
Condominium/Apartment,Petaling,Pekan Subang Jaya,REGINA USJ 1,Mar-24,Leasehold,115.93,sq.m,-,-,4,"RM535,000.00",2024,1248,30,0.13
Service Apartment,Petaling,Bandar Subang Jaya,"SAUJANA RESIDENCY - SS 16, SUBANG JAYA",Mar-24,Freehold,142,sq.m,-,-,3,"RM800,000.00",2024,1528,19,0.16
Service Apartment,Petaling,Bandar Subang Jaya,THE GRAND SUBANG-SS 13 SUBANG JAYA,Mar-24,Freehold,48,sq.m,-,-,12,"RM500,000.00",2024,517,22,0.55
Service Apartment,Petaling,Bandar Subang Jaya,THE GRAND SUBANG-SS 13 SUBANG JAYA,Mar-24,Freehold,52,sq.m,-,-,12,"RM530,000.00",2024,560,22,0.55
Service Apartment,Petaling,Bandar Subang Jaya,KENWINGSTON - USJ 1,Mar-24,Freehold,79,sq.m,-,-,29,"RM600,000.00",2024,850,21,1.38
Service Apartment,Petaling,Bandar Subang Jaya,THE MAIN PLACE RESIDENCE (NEW GATE),Mar-24,Freehold,88,sq.m,-,-,13,"RM425,000.00",2024,947,25,0.52
Service Apartment,Petaling,Bandar Subang Jaya,DAMEN USJ SERVICE APARTMENT,May-21,Freehold,65,sq.m,-,-,13,"RM484,000.00",2021,700,23,0.57
Service Apartment,Petaling,Bandar Subang Jaya,DAMEN USJ SERVICE APARTMENT,May-21,Freehold,65,sq.m,,,20,"RM490,000.00",2021,700,23,0.87
Service Apartment,Petaling,Bandar Subang Jaya,DAMEN USJ SERVICE APARTMENT,May-21,Freehold,111,sq.m,-,-,18,"RM762,000.00",2021,1195,23,0.78
Service Apartment,Petaling,Bandar Subang Jaya,KENWINGSTON - USJ 1,May-21,Freehold,61,sq.m,-,-,13,"RM480,000.00",2021,657,21,0.62
Condominium/Apartment,Petaling,Pekan Penaga,USJ ONE AVENUE-USJ 1,May-22,Leasehold,126,sq.m,-,-,6,"RM500,000.00",2022,1356,19,0.32
Condominium/Apartment,Petaling,Pekan Penaga,USJ ONE AVENUE-USJ 1,May-22,Leasehold,167.41,sq.m,-,-,16,"RM600,000.00",2022,1802,19,0.84
Condominium/Apartment,Petaling,Pekan Penaga,USJ ONE PARK KONDO,May-22,Leasehold,115.38,sq.m,-,-,13A,"RM450,000.00",2022,1242,21,#VALUE!
Service Apartment,Petaling,Bandar Subang Jaya,"SAUJANA RESIDENCY - SS 16, SUBANG JAYA",May-22,Freehold,166.76,sq.m,-,-,18,"RM1,080,000.00",2022,1795,19,0.95
Service Apartment,Petaling,Bandar Subang Jaya,CASA SUBANG-USJ 1,Jul-23,Freehold,99,sq.m,,,21,"RM520,000.00",2023,1066,25,0.84
Service Apartment,Petaling,Bandar Subang Jaya,IMPIAN MERIDIAN SERVICE APT-USJ 1,May-22,Freehold,90,sq.m,-,-,8,"RM418,000.00",2022,969,25,0.32
Service Apartment,Petaling,Bandar Subang Jaya,IMPIAN MERIDIAN SERVICE APT-USJ 1,May-22,Freehold,90,sq.m,,,13,"RM395,000.00",2022,969,25,0.52
Service Apartment,Petaling,Bandar Subang Jaya,YOU ONE USJ 1,May-22,Freehold,63,sq.m,-,-,12,"RM420,000.00",2022,678,19,0.63
Service Apartment,Petaling,Bandar Subang Jaya,YOU ONE USJ 1,May-22,Freehold,147,sq.m,-,-,10,"RM950,000.00",2022,1582,19,0.53
Service Apartment,Petaling,Bandar Subang Jaya,GRAND SUBANG JAYA @ SS15,May-22,Freehold,52,sq.m,-,-,31,"RM526,000.00",2022,560,24,1.29
Condominium/Apartment,Petaling,Pekan Penaga,USJ ONE AVENUE-USJ 1,May-23,Leasehold,126,sq.m,-,-,12,"RM550,000.00",2023,1356,19,0.63
Condominium/Apartment,Petaling,Pekan Penaga,USJ ONE AVENUE-USJ 1,May-23,Leasehold,164.7,sq.m,-,-,13,"RM638,000.00",2023,1773,19,0.68
Condominium/Apartment,Petaling,Pekan Subang Jaya,REGINA USJ 1,May-23,Leasehold,115.93,sq.m,-,-,18,"RM638,000.00",2023,1248,30,0.6
Condominium/Apartment,Petaling,Pekan Subang Jaya,REGINA USJ 1,May-23,Leasehold,115.94,sq.m,-,-,18,"RM638,000.00",2023,1248,30,0.6
Service Apartment,Petaling,Bandar Subang Jaya,"SAUJANA RESIDENCY - SS 16, SUBANG JAYA",May-23,Freehold,54.35,sq.m,-,-,14,"RM550,000.00",2023,585,19,0.74
Service Apartment,Petaling,Bandar Subang Jaya,"SAUJANA RESIDENCY - SS 16, SUBANG JAYA",May-23,Freehold,92.34,sq.m,-,-,15,"RM650,000.00",2023,994,19,0.79
Service Apartment,Petaling,Bandar Subang Jaya,"SAUJANA RESIDENCY - SS 16, SUBANG JAYA",May-23,Freehold,126.34,sq.m,-,-,11,"RM800,000.00",2023,1360,19,0.58
Service Apartment,Petaling,Bandar Subang Jaya,THE GRAND SUBANG-SS 13 SUBANG JAYA,May-23,Freehold,48,sq.m,-,-,16,"RM450,000.00",2023,517,22,0.73
Service Apartment,Petaling,Bandar Subang Jaya,THE GRAND SUBANG-SS 13 SUBANG JAYA,May-23,Freehold,52,sq.m,-,-,10,"RM495,000.00",2023,560,22,0.45
Service Apartment,Petaling,Bandar Subang Jaya,EDGE RESIDENC - USJ 1,May-23,Leasehold,60,sq.m,-,-,11,"RM431,000.00",2023,646,29,0.38
Service Apartment,Petaling,Bandar Subang Jaya,CASA SUBANG-USJ 1,Jun-23,Freehold,99,sq.m,-,-,10,"RM550,000.00",2023,1066,25,0.4
Service Apartment,Petaling,Bandar Subang Jaya,CASA SUBANG-USJ 1,Jun-23,Freehold,99,sq.m,,,12,"RM530,000.00",2023,1066,25,0.48
Service Apartment,Petaling,Bandar Subang Jaya,CASA SUBANG-USJ 1,Mar-23,Freehold,99,sq.m,-,-,7,"RM500,000.00",2023,1066,25,0.28
Service Apartment,Petaling,Bandar Subang Jaya,CASA SUBANG-USJ 1,Mar-23,Freehold,99,sq.m,,,12,"RM499,000.00",2023,1066,25,0.48
Service Apartment,Petaling,Bandar Subang Jaya,CASA SUBANG-USJ 1,Mar-23,Freehold,150,sq.m,-,-,P,"RM650,000.00",2023,1615,25,#VALUE!
Service Apartment,Petaling,Bandar Subang Jaya,IMPIAN MERIDIAN SERVICE APT-USJ 1,May-23,Freehold,90,sq.m,-,-,23,"RM580,000.00",2023,969,25,0.92
Service Apartment,Petaling,Bandar Subang Jaya,KENWINGSTON - USJ 1,May-23,Freehold,61,sq.m,-,-,15,"RM470,000.00",2023,657,21,0.71
Service Apartment,Petaling,Bandar Subang Jaya,KENWINGSTON - USJ 1,May-23,Freehold,61,sq.m,,,30,"RM515,000.00",2023,657,21,1.43
Service Apartment,Petaling,Bandar Subang Jaya,THE MAIN PLACE RESIDENCE (NEW GATE),May-23,Freehold,78,sq.m,-,-,13,"RM500,000.00",2023,840,25,0.52
Service Apartment,Petaling,Bandar Subang Jaya,THE MAIN PLACE RESIDENCE (NEW GATE),May-23,Freehold,114,sq.m,-,-,33,"RM580,000.00",2023,1227,25,1.32
Service Apartment,Petaling,Bandar Subang Jaya,THE MAIN PLACE RESIDENCE (NEW GATE),May-23,Freehold,129,sq.m,-,-,32,"RM694,000.00",2023,1389,25,1.28
Service Apartment,Petaling,Bandar Subang Jaya,THE MAIN PLACE RESIDENCE (NEW GATE),May-23,Freehold,131,sq.m,-,-,32,"RM764,000.00",2023,1410,25,1.28
Service Apartment,Petaling,Bandar Subang Jaya,THE GRAND SUBANG-SS 13 SUBANG JAYA,May-23,Freehold,52,sq.m,-,-,24,"RM500,000.00",2023,560,22,1.09
SOHO/SOFO/SOVO,Petaling,Damansara,MENARA GENO,May-23,Leasehold,42,sq.m,-,-,10,"RM146,000.00",2023,452,45,0.22
Condominium/Apartment,Petaling,Bandar Subang Jaya,PANGSAPURI LAFITE-SS17 SUBANG JAYA,May-24,Freehold,85,sq.m,-,-,2,"RM425,000.00",2024,915,4,0.5
Condominium/Apartment,Petaling,Pekan Subang Jaya,INDERA SUBANG KONDOMINIUM - USJ 6,Aug-22,Freehold,138,sq.m,-,-,9,"RM655,000.00",2022,1485,17,0.53
Service Apartment,Petaling,Bandar Subang Jaya,THE GRAND SUBANG-SS 13 SUBANG JAYA,May-24,Freehold,48,sq.m,-,-,17,"RM455,000.00",2024,517,22,0.77
Service Apartment,Petaling,Bandar Subang Jaya,CASA SUBANG-USJ 1,May-23,Freehold,63,sq.m,-,-,1,"RM400,000.00",2023,678,25,0.04
Service Apartment,Petaling,Bandar Subang Jaya,CASA SUBANG-USJ 1,May-23,Freehold,63,sq.m,,,4,"RM400,000.00",2023,678,25,0.16
Service Apartment,Petaling,Bandar Subang Jaya,CASA SUBANG-USJ 1,May-23,Freehold,63,sq.m,,,7,"RM400,000.00",2023,678,25,0.28
Service Apartment,Petaling,Bandar Subang Jaya,DAMEN USJ SERVICE APARTMENT,May-24,Freehold,105,sq.m,-,-,20,"RM548,000.00",2024,1130,23,0.87
Service Apartment,Petaling,Bandar Subang Jaya,YOU ONE USJ 1,May-24,Freehold,132,sq.m,-,-,32,"RM828,000.00",2024,1421,19,1.68
Service Apartment,Petaling,Bandar Subang Jaya,GRAND SUBANG JAYA @ SS15,May-24,Freehold,52,sq.m,-,-,11,"RM568,000.00",2024,560,24,0.46
Service Apartment,Petaling,Bandar Subang Jaya,GRAND SUBANG JAYA @ SS15,May-24,Freehold,52,sq.m,,,16,"RM496,000.00",2024,560,24,0.67
SOHO/SOFO/SOVO,Petaling,Damansara,ARMANI SOHO,May-24,Freehold,42,sq.m,-,-,13A,"RM300,000.00",2024,452,15,#VALUE!
Condominium/Apartment,Petaling,Bandar Subang Jaya,PANGSAPURI LAFITE-SS17 SUBANG JAYA,Nov-21,Freehold,87,sq.m,-,-,1,"RM450,000.00",2021,936,4,0.25
Condominium/Apartment,Petaling,Bandar Subang Jaya,PANGSAPURI LAFITE-SS17 SUBANG JAYA,Nov-21,Freehold,87,sq.m,-,-,2,"RM390,000.00",2021,936,4,0.5
Condominium/Apartment,Petaling,Bandar Subang Jaya,PANGSAPURI LAFITE-SS17 SUBANG JAYA,Nov-21,Freehold,87,sq.m,-,-,4,"RM450,000.00",2021,936,4,1
Condominium/Apartment,Petaling,Pekan Penaga,USJ ONE PARK KONDO,Nov-21,Leasehold,115,sq.m,-,-,5,"RM467,000.00",2021,1238,21,0.24
Condominium/Apartment,Petaling,Pekan Subang Jaya,REGINA USJ 1,Nov-21,Leasehold,96.98,sq.m,-,-,4,"RM499,000.00",2021,1044,30,0.13
Condominium/Apartment,Petaling,Pekan Subang Jaya,REGINA USJ 1,Nov-21,Leasehold,96.98,sq.m,,,7,"RM430,000.00",2021,1044,30,0.23
Condominium/Apartment,Petaling,Pekan Subang Jaya,REGINA USJ 1,Nov-21,Leasehold,115.93,sq.m,-,-,10,"RM495,000.00",2021,1248,30,0.33
Condominium/Apartment,Petaling,Pekan Subang Jaya,REGINA USJ 1,Nov-21,Leasehold,115.93,sq.m,,,11,"RM465,000.00",2021,1248,30,0.37
Condominium/Apartment,Petaling,Pekan Subang Jaya,REGINA USJ 1,Nov-21,Leasehold,115.93,sq.m,,,13,"RM660,000.00",2021,1248,30,0.43
Condominium/Apartment,Petaling,Pekan Subang Jaya,REGINA USJ 1,Nov-21,Leasehold,116,sq.m,-,-,16,"RM530,000.00",2021,1249,30,0.53
Service Apartment,Petaling,Bandar Subang Jaya,SUBANG OLIVES RESIDENCE-SS16 S.JAYA,Nov-21,Freehold,165.45,sq.m,-,-,8,"RM720,000.00",2021,1781,17,0.47
Service Apartment,Petaling,Bandar Subang Jaya,CASA SUBANG-USJ 1,May-23,Freehold,63,sq.m,,,18,"RM360,000.00",2023,678,25,0.72
Service Apartment,Petaling,Bandar Subang Jaya,CASA SUBANG-USJ 1,May-23,Freehold,99,sq.m,-,-,14,"RM500,000.00",2023,1066,25,0.56
Service Apartment,Petaling,Bandar Subang Jaya,DAMEN USJ SERVICE APARTMENT,Nov-21,Freehold,65,sq.m,-,-,22,"RM500,000.00",2021,700,23,0.96
Service Apartment,Petaling,Bandar Subang Jaya,DAMEN USJ SERVICE APARTMENT,Nov-21,Freehold,111,sq.m,-,-,17,"RM759,000.00",2021,1195,23,0.74
Service Apartment,Petaling,Bandar Subang Jaya,IMPIAN MERIDIAN SERVICE APT-USJ 1,Nov-21,Freehold,118,sq.m,-,-,24,"RM650,000.00",2021,1270,25,0.96
Service Apartment,Petaling,Bandar Subang Jaya,KENWINGSTON - USJ 1,Nov-21,Freehold,61,sq.m,-,-,12,"RM430,000.00",2021,657,21,0.57
Service Apartment,Petaling,Bandar Subang Jaya,KENWINGSTON - USJ 1,Nov-21,Freehold,79,sq.m,-,-,10,"RM640,000.00",2021,850,21,0.48
Service Apartment,Petaling,Bandar Subang Jaya,THE MAIN PLACE RESIDENCE (NEW GATE),Nov-21,Freehold,94,sq.m,-,-,15,"RM500,000.00",2021,1012,25,0.6
Condominium/Apartment,Petaling,Pekan Penaga,USJ ONE AVENUE-USJ 1,Nov-22,Leasehold,126,sq.m,-,-,13,"RM450,000.00",2022,1356,19,0.68
Condominium/Apartment,Petaling,Pekan Penaga,USJ ONE PARK KONDO,Nov-22,Leasehold,115,sq.m,-,-,13,"RM480,000.00",2022,1238,21,0.62
Service Apartment,Petaling,Bandar Subang Jaya,THE GRAND SUBANG-SS 13 SUBANG JAYA,Nov-22,Freehold,48,sq.m,-,-,9,"RM425,000.00",2022,517,22,0.41
Service Apartment,Petaling,Bandar Subang Jaya,THE GRAND SUBANG-SS 13 SUBANG JAYA,Nov-22,Freehold,52,sq.m,-,-,11,"RM438,000.00",2022,560,22,0.5
Service Apartment,Petaling,Bandar Subang Jaya,THE GRAND SUBANG-SS 13 SUBANG JAYA,Nov-22,Freehold,52,sq.m,,,23,"RM460,000.00",2022,560,22,1.05
Service Apartment,Petaling,Bandar Subang Jaya,THE GRAND SUBANG-SS 13 SUBANG JAYA,Nov-22,Freehold,77,sq.m,-,-,9,"RM480,000.00",2022,829,22,0.41
Service Apartment,Petaling,Bandar Subang Jaya,CASA SUBANG-USJ 1,Nov-23,Freehold,99,sq.m,-,-,5,"RM550,000.00",2023,1066,25,0.2
Service Apartment,Petaling,Bandar Subang Jaya,CASA SUBANG-USJ 1,Nov-23,Freehold,99,sq.m,,,15,"RM500,000.00",2023,1066,25,0.6
Service Apartment,Petaling,Bandar Subang Jaya,CASA SUBANG-USJ 1,Oct-23,Freehold,63,sq.m,-,-,7,"RM450,000.00",2023,678,25,0.28
Service Apartment,Petaling,Bandar Subang Jaya,IMPIAN MERIDIAN SERVICE APT-USJ 1,Nov-22,Freehold,91,sq.m,-,-,9,"RM420,000.00",2022,980,25,0.36
Service Apartment,Petaling,Bandar Subang Jaya,GRAND SUBANG JAYA @ SS15,Nov-22,Freehold,52,sq.m,-,-,24,"RM533,000.00",2022,560,24,1
Service Apartment,Petaling,Bandar Subang Jaya,GRAND SUBANG JAYA @ SS15,Nov-22,Freehold,52,sq.m,,,27,"RM525,000.00",2022,560,24,1.13
Service Apartment,Petaling,Bandar Subang Jaya,GRAND SUBANG JAYA @ SS15,Nov-22,Freehold,52,sq.m,,,30,"RM560,000.00",2022,560,24,1.25
Service Apartment,Petaling,Bandar Subang Jaya,GRAND SUBANG JAYA @ SS15,Nov-22,Freehold,52,sq.m,,,,"RM570,000.00",2022,560,24,0
Condominium/Apartment,Petaling,Bandar Subang Jaya,PANGSAPURI LAFITE-SS17 SUBANG JAYA,Nov-23,Freehold,87,sq.m,-,-,1,"RM455,000.00",2023,936,4,0.25
Condominium/Apartment,Petaling,Pekan Penaga,USJ ONE AVENUE-USJ 1,Nov-23,Leasehold,126,sq.m,-,-,17,"RM450,000.00",2023,1356,19,0.89
Condominium/Apartment,Petaling,Pekan Penaga,USJ ONE AVENUE-USJ 1,Nov-23,Leasehold,168,sq.m,-,-,12,"RM680,000.00",2023,1808,19,0.63
Condominium/Apartment,Petaling,Pekan Subang Jaya,REGINA USJ 1,Nov-23,Leasehold,115.94,sq.m,-,-,5,"RM490,000.00",2023,1248,30,0.17
Condominium/Apartment,Petaling,Pekan Subang Jaya,REGINA USJ 1,Nov-23,Leasehold,115.94,sq.m,,,20,"RM550,000.00",2023,1248,30,0.67
Condominium/Apartment,Petaling,Pekan Subang Jaya,REGINA USJ 1,Nov-23,Leasehold,124.95,sq.m,-,-,7,"RM625,000.00",2023,1345,30,0.23
Service Apartment,Petaling,Bandar Subang Jaya,CASA SUBANG-USJ 1,Oct-23,Freehold,99,sq.m,-,-,3,"RM415,000.00",2023,1066,25,0.12
Service Apartment,Petaling,Bandar Subang Jaya,CASA SUBANG-USJ 1,Oct-23,Freehold,99,sq.m,,,8,"RM510,000.00",2023,1066,25,0.32
Service Apartment,Petaling,Bandar Subang Jaya,KENWINGSTON - USJ 1,Nov-23,Freehold,61,sq.m,-,-,24,"RM518,000.00",2023,657,21,1.14
Service Apartment,Petaling,Bandar Subang Jaya,GRAND SUBANG JAYA @ SS15,Nov-23,Freehold,52,sq.m,-,-,11,"RM570,000.00",2023,560,24,0.46
Service Apartment,Petaling,Bandar Subang Jaya,GRAND SUBANG JAYA @ SS15,Nov-23,Freehold,52,sq.m,,,17,"RM575,000.00",2023,560,24,0.71
Condominium/Apartment,Petaling,Pekan Subang Jaya,REGINA USJ 1,Oct-21,Leasehold,116,sq.m,-,-,12,"RM485,000.00",2021,1249,30,0.4
Service Apartment,Petaling,Bandar Subang Jaya,"SAUJANA RESIDENCY - SS 16, SUBANG JAYA",Oct-21,Freehold,162.2,sq.m,-,-,5,"RM1,020,000.00",2021,1746,19,0.26
Service Apartment,Petaling,Bandar Subang Jaya,"SAUJANA RESIDENCY - SS 16, SUBANG JAYA",Oct-21,Freehold,180.5,sq.m,-,-,17,"RM1,250,000.00",2021,1943,19,0.89
Service Apartment,Petaling,Bandar Subang Jaya,THE GRAND SUBANG-SS 13 SUBANG JAYA,Oct-21,Freehold,52,sq.m,-,-,19,"RM440,000.00",2021,560,22,0.86
Service Apartment,Petaling,Bandar Subang Jaya,CASA SUBANG-USJ 1,Oct-23,Freehold,99,sq.m,,,10,"RM510,000.00",2023,1066,25,0.4
Service Apartment,Petaling,Bandar Subang Jaya,CASA SUBANG-USJ 1,Oct-23,Freehold,99,sq.m,,,16,"RM550,000.00",2023,1066,25,0.64
Service Apartment,Petaling,Bandar Subang Jaya,THE MAIN PLACE RESIDENCE (NEW GATE),Oct-21,Freehold,85,sq.m,-,-,11,"RM478,000.00",2021,915,25,0.44
Condominium/Apartment,Petaling,Pekan Penaga,USJ ONE AVENUE-USJ 1,Oct-22,Leasehold,125,sq.m,-,-,7,"RM490,000.00",2022,1345,19,0.37
Condominium/Apartment,Petaling,Pekan Penaga,USJ ONE AVENUE-USJ 1,Oct-22,Leasehold,168,sq.m,-,-,9,"RM620,000.00",2022,1808,19,0.47
Condominium/Apartment,Petaling,Pekan Subang Jaya,REGINA USJ 1,Oct-22,Leasehold,115.94,sq.m,-,-,7,"RM495,000.00",2022,1248,30,0.23
Service Apartment,Petaling,Bandar Subang Jaya,"SAUJANA RESIDENCY - SS 16, SUBANG JAYA",Oct-22,Freehold,162.2,sq.m,-,-,9,"RM1,350,000.00",2022,1746,19,0.47
Service Apartment,Petaling,Bandar Subang Jaya,SUBANG OLIVES RESIDENCE-SS16 S.JAYA,Oct-22,Freehold,179,sq.m,-,-,15,"RM865,000.00",2022,1927,17,0.88
Service Apartment,Petaling,Bandar Subang Jaya,THE GRAND SUBANG-SS 13 SUBANG JAYA,Oct-22,Freehold,48,sq.m,-,-,12,"RM445,000.00",2022,517,22,0.55
Service Apartment,Petaling,Bandar Subang Jaya,THE GRAND SUBANG-SS 13 SUBANG JAYA,Oct-22,Freehold,48,sq.m,,,22,"RM460,000.00",2022,517,22,1
Service Apartment,Petaling,Bandar Subang Jaya,CASA SUBANG-USJ 1,Oct-23,Freehold,113,sq.m,-,-,8,"RM520,000.00",2023,1216,25,0.32
Service Apartment,Petaling,Bandar Subang Jaya,CASA SUBANG-USJ 1,Sep-23,Freehold,99,sq.m,-,-,9,"RM500,000.00",2023,1066,25,0.36
Service Apartment,Petaling,Bandar Subang Jaya,DAMEN USJ SERVICE APARTMENT,Oct-22,Freehold,65,sq.m,-,-,20,"RM500,000.00",2022,700,23,0.87
Service Apartment,Petaling,Bandar Subang Jaya,DAMEN USJ SERVICE APARTMENT,Oct-22,Freehold,111,sq.m,-,-,10,"RM735,000.00",2022,1195,23,0.43
Service Apartment,Petaling,Bandar Subang Jaya,IMPIAN MERIDIAN SERVICE APT-USJ 1,Oct-22,Freehold,118,sq.m,-,-,19,"RM500,000.00",2022,1270,25,0.76
Service Apartment,Petaling,Bandar Subang Jaya,KENWINGSTON - USJ 1,Oct-22,Freehold,61,sq.m,-,-,24,"RM450,000.00",2022,657,21,1.14
Service Apartment,Petaling,Bandar Subang Jaya,THE MAIN PLACE RESIDENCE (NEW GATE),Oct-22,Freehold,57,sq.m,-,-,11,"RM325,000.00",2022,614,25,0.44
Service Apartment,Petaling,Bandar Subang Jaya,THE MAIN PLACE RESIDENCE (NEW GATE),Oct-22,Freehold,87,sq.m,-,-,29,"RM455,000.00",2022,936,25,1.16
Service Apartment,Petaling,Bandar Subang Jaya,YOU ONE USJ 1,Oct-22,Freehold,63,sq.m,-,-,13,"RM380,000.00",2022,678,19,0.68
Service Apartment,Petaling,Bandar Subang Jaya,GRAND SUBANG JAYA @ SS15,Oct-22,Freehold,52,sq.m,-,-,16,"RM425,000.00",2022,560,24,0.67
Service Apartment,Petaling,Bandar Subang Jaya,GRAND SUBANG JAYA @ SS15,Oct-22,Freehold,52,sq.m,,,23,"RM535,000.00",2022,560,24,0.96
Service Apartment,Petaling,Bandar Subang Jaya,GRAND SUBANG JAYA @ SS15,Oct-22,Freehold,52,sq.m,,,24,"RM533,000.00",2022,560,24,1
Condominium/Apartment,Petaling,Pekan Penaga,USJ ONE AVENUE-USJ 1,Oct-23,Leasehold,126,sq.m,-,-,17,"RM499,000.00",2023,1356,19,0.89
Condominium/Apartment,Petaling,Pekan Penaga,USJ ONE AVENUE-USJ 1,Oct-23,Leasehold,165,sq.m,-,-,1,"RM700,000.00",2023,1776,19,0.05
Condominium/Apartment,Petaling,Pekan Subang Jaya,REGINA USJ 1,Oct-23,Leasehold,137,sq.m,-,-,1,"RM690,000.00",2023,1475,30,0.03
Service Apartment,Petaling,Bandar Subang Jaya,THE GRAND SUBANG-SS 13 SUBANG JAYA,Oct-23,Freehold,48,sq.m,-,-,20,"RM455,000.00",2023,517,22,0.91
Service Apartment,Petaling,Bandar Subang Jaya,THE GRAND SUBANG-SS 13 SUBANG JAYA,Oct-23,Freehold,52,sq.m,-,-,7,"RM500,000.00",2023,560,22,0.32
Service Apartment,Petaling,Bandar Subang Jaya,CASA SUBANG-USJ 1,Apr-24,Freehold,99,sq.m,-,-,12,"RM550,000.00",2024,1066,25,0.48
Service Apartment,Petaling,Bandar Subang Jaya,CASA SUBANG-USJ 1,Feb-24,Freehold,99,sq.m,-,-,6,"RM500,000.00",2024,1066,25,0.24
Service Apartment,Petaling,Bandar Subang Jaya,CASA SUBANG-USJ 1,Feb-24,Freehold,99,sq.m,,,16,"RM550,000.00",2024,1066,25,0.64
Service Apartment,Petaling,Bandar Subang Jaya,CASA SUBANG-USJ 1,Feb-24,Freehold,99,sq.m,,,22,"RM550,000.00",2024,1066,25,0.88
Service Apartment,Petaling,Bandar Subang Jaya,CASA SUBANG-USJ 1,Jan-24,Freehold,99,sq.m,-,-,13,"RM495,000.00",2024,1066,25,0.52
Service Apartment,Petaling,Bandar Subang Jaya,CASA SUBANG-USJ 1,May-24,Freehold,99,sq.m,-,-,6,"RM550,000.00",2024,1066,25,0.24
Service Apartment,Petaling,Bandar Subang Jaya,DAMEN USJ SERVICE APARTMENT,Oct-23,Freehold,91,sq.m,-,-,19,"RM593,000.00",2023,980,23,0.83
Service Apartment,Petaling,Bandar Subang Jaya,DAMEN USJ SERVICE APARTMENT,Oct-23,Freehold,105,sq.m,-,-,22,"RM736,000.00",2023,1130,23,0.96
Service Apartment,Petaling,Bandar Subang Jaya,IMPIAN MERIDIAN SERVICE APT-USJ 1,Oct-23,Freehold,121,sq.m,-,-,12,"RM600,000.00",2023,1302,25,0.48
Service Apartment,Petaling,Bandar Subang Jaya,KENWINGSTON - USJ 1,Oct-23,Freehold,61,sq.m,-,-,24,"RM520,000.00",2023,657,21,1.14
Service Apartment,Petaling,Bandar Subang Jaya,THE MAIN PLACE RESIDENCE (NEW GATE),Oct-23,Freehold,56,sq.m,-,-,27,"RM430,000.00",2023,603,25,1.08
Service Apartment,Petaling,Bandar Subang Jaya,THE MAIN PLACE RESIDENCE (NEW GATE),Oct-23,Freehold,57,sq.m,-,-,12,"RM390,000.00",2023,614,25,0.48
Service Apartment,Petaling,Bandar Subang Jaya,YOU ONE USJ 1,Oct-23,Freehold,62,sq.m,-,-,30,"RM420,000.00",2023,667,19,1.58
Service Apartment,Petaling,Bandar Subang Jaya,GRAND SUBANG JAYA @ SS15,Oct-23,Freehold,52,sq.m,-,-,15,"RM550,000.00",2023,560,24,0.63
Condominium/Apartment,Petaling,Pekan Subang Jaya,REGINA USJ 1,Sep-21,Leasehold,116,sq.m,-,-,3A,"RM460,000.00",2021,1249,30,#VALUE!
Condominium/Apartment,Petaling,Pekan Subang Jaya,REGINA USJ 1,Sep-21,Leasehold,116,sq.m,,,9,"RM610,000.00",2021,1249,30,0.3
Service Apartment,Petaling,Bandar Subang Jaya,KENWINGSTON - USJ 1,Sep-21,Freehold,61,sq.m,-,-,25,"RM460,000.00",2021,657,21,1.19
Service Apartment,Petaling,Bandar Subang Jaya,GRAND SUBANG JAYA @ SS15,Sep-21,Freehold,40,sq.m,-,-,2,"RM120,000.00",2021,431,24,0.08
Service Apartment,Petaling,Bandar Subang Jaya,GRAND SUBANG JAYA @ SS15,Sep-21,Freehold,52,sq.m,-,-,13,"RM478,000.00",2021,560,24,0.54
Service Apartment,Petaling,Bandar Subang Jaya,GRAND SUBANG JAYA @ SS15,Sep-21,Freehold,52,sq.m,,,27,"RM522,000.00",2021,560,24,1.13
Condominium/Apartment,Petaling,Pekan Subang Jaya,INDERA SUBANG KONDOMINIUM - USJ 6,Jul-22,Freehold,165,sq.m,-,-,9,"RM780,000.00",2022,1776,17,0.53
Condominium/Apartment,Petaling,Pekan Subang Jaya,REGINA USJ 1,Sep-22,Leasehold,115.93,sq.m,-,-,7,"RM520,000.00",2022,1248,30,0.23
Condominium/Apartment,Petaling,Pekan Subang Jaya,REGINA USJ 1,Sep-22,Leasehold,115.93,sq.m,,,15,"RM500,000.00",2022,1248,30,0.5
Condominium/Apartment,Petaling,Pekan Subang Jaya,REGINA USJ 1,Sep-22,Leasehold,117,sq.m,-,-,20,"RM495,000.00",2022,1259,30,0.67
Condominium/Apartment,Petaling,Pekan Subang Jaya,REGINA USJ 1,Sep-22,Leasehold,137,sq.m,-,-,5,"RM675,000.00",2022,1475,30,0.17
Service Apartment,Petaling,Bandar Subang Jaya,CASA SUBANG-USJ 1,May-24,Freehold,99,sq.m,,,12,"RM600,000.00",2024,1066,25,0.48
Service Apartment,Petaling,Bandar Subang Jaya,DAMEN USJ SERVICE APARTMENT,Sep-22,Freehold,65,sq.m,-,-,9,"RM450,000.00",2022,700,23,0.39
Service Apartment,Petaling,Bandar Subang Jaya,DAMEN USJ SERVICE APARTMENT,Sep-22,Freehold,65,sq.m,,,20,"RM400,000.00",2022,700,23,0.87
Service Apartment,Petaling,Bandar Subang Jaya,IMPIAN MERIDIAN SERVICE APT-USJ 1,Sep-22,Freehold,90,sq.m,-,-,11,"RM490,000.00",2022,969,25,0.44
Service Apartment,Petaling,Bandar Subang Jaya,IMPIAN MERIDIAN SERVICE APT-USJ 1,Sep-22,Freehold,90,sq.m,,,14,"RM470,000.00",2022,969,25,0.56
Service Apartment,Petaling,Bandar Subang Jaya,IMPIAN MERIDIAN SERVICE APT-USJ 1,Sep-22,Freehold,91,sq.m,-,-,21,"RM560,000.00",2022,980,25,0.84
Service Apartment,Petaling,Bandar Subang Jaya,KENWINGSTON - USJ 1,Sep-22,Freehold,61,sq.m,-,-,33,"RM455,000.00",2022,657,21,1.57
Service Apartment,Petaling,Bandar Subang Jaya,THE MAIN PLACE RESIDENCE (NEW GATE),Sep-22,Freehold,57,sq.m,-,-,13,"RM350,000.00",2022,614,25,0.52
Service Apartment,Petaling,Bandar Subang Jaya,THE MAIN PLACE RESIDENCE (NEW GATE),Sep-22,Freehold,57,sq.m,,,22,"RM360,000.00",2022,614,25,0.88
Service Apartment,Petaling,Bandar Subang Jaya,THE MAIN PLACE RESIDENCE (NEW GATE),Sep-22,Freehold,78,sq.m,-,-,22,"RM500,000.00",2022,840,25,0.88
Service Apartment,Petaling,Bandar Subang Jaya,THE MAIN PLACE RESIDENCE (NEW GATE),Sep-22,Freehold,78,sq.m,,,23,"RM500,000.00",2022,840,25,0.92
Service Apartment,Petaling,Bandar Subang Jaya,YOU ONE USJ 1,Sep-22,Freehold,62,sq.m,-,-,15,"RM380,000.00",2022,667,19,0.79
Service Apartment,Petaling,Bandar Subang Jaya,THE GRAND SUBANG-SS 13 SUBANG JAYA,Sep-22,Freehold,48,sq.m,-,-,22,"RM470,000.00",2022,517,22,1
Service Apartment,Petaling,Bandar Subang Jaya,GRAND SUBANG JAYA @ SS15,Sep-22,Freehold,52,sq.m,-,-,24,"RM533,000.00",2022,560,24,1
Condominium/Apartment,Petaling,Bandar Subang Jaya,P/PURI MY PLACE - SS15 SUBANG JAYA,Sep-23,Freehold,91,sq.m,-,-,3,"RM365,000.00",2023,980,5,0.6
Condominium/Apartment,Petaling,Pekan Penaga,USJ ONE AVENUE-USJ 1,Sep-23,Leasehold,126,sq.m,-,-,13,"RM500,000.00",2023,1356,19,0.68
Condominium/Apartment,Petaling,Pekan Subang Jaya,INDERA SUBANG KONDOMINIUM - USJ 6,Dec-21,Freehold,159,sq.m,-,-,12,"RM720,000.00",2021,1711,17,0.71
Condominium/Apartment,Petaling,Pekan Subang Jaya,REGINA USJ 1,Sep-23,Leasehold,96.98,sq.m,-,-,9,"RM520,000.00",2023,1044,30,0.3
Condominium/Apartment,Petaling,Pekan Subang Jaya,REGINA USJ 1,Sep-23,Leasehold,121.97,sq.m,-,-,15,"RM606,000.00",2023,1313,30,0.5
Service Apartment,Petaling,Bandar Subang Jaya,THE GRAND SUBANG-SS 13 SUBANG JAYA,Sep-23,Freehold,48,sq.m,-,-,20,"RM455,000.00",2023,517,22,0.91
Service Apartment,Petaling,Bandar Subang Jaya,THE GRAND SUBANG-SS 13 SUBANG JAYA,Sep-23,Freehold,52,sq.m,-,-,10,"RM460,000.00",2023,560,22,0.45
Service Apartment,Petaling,Bandar Subang Jaya,THE GRAND SUBANG-SS 13 SUBANG JAYA,Sep-23,Freehold,52,sq.m,,,15,"RM460,000.00",2023,560,22,0.68
Service Apartment,Petaling,Bandar Subang Jaya,CASA SUBANG-USJ 1,May-24,Freehold,99,sq.m,,,14,"RM600,000.00",2024,1066,25,0.56
Service Apartment,Petaling,Bandar Subang Jaya,IMPIAN MERIDIAN SERVICE APT-USJ 1,Sep-23,Freehold,90,sq.m,-,-,10,"RM400,000.00",2023,969,25,0.4
Service Apartment,Petaling,Bandar Subang Jaya,KENWINGSTON - USJ 1,Sep-23,Freehold,61,sq.m,-,-,10,"RM500,000.00",2023,657,21,0.48
Service Apartment,Petaling,Bandar Subang Jaya,YOU ONE USJ 1,Sep-23,Freehold,62,sq.m,-,-,26,"RM430,000.00",2023,667,19,1.37
Service Apartment,Petaling,Bandar Subang Jaya,GRAND SUBANG JAYA @ SS15,Sep-23,Freehold,52,sq.m,-,-,12,"RM550,000.00",2023,560,24,0.5
